record_id,month,city,hotel_segment,sales_channel,available_rooms,avg_daily_rate_usd,occupancy_rate_pct,marketing_spend_usd,online_rating,competitor_price_index,booking_window_days,loyalty_members,monthly_revenue_usd
1,2025-01,Austin,Business,Direct,133,111.17,68.18,37080.1,4.25,0.95,19.1,857,464637.99
2,2025-01,Austin,Business,Online Travel Agency,134,111.06,62.97,24286.03,3.91,0.856,23.7,1204,349173.87
3,2025-01,Austin,Business,Corporate,136,112.18,64.78,18403.86,4.26,0.999,22.5,1104,476309.01
4,2025-01,Austin,Leisure,Direct,135,98.62,59.14,30088.91,4.29,0.999,12.6,1416,359989.4
5,2025-01,Austin,Leisure,Online Travel Agency,128,96.27,58.83,25000.47,4.04,0.99,25.4,1025,332669.14
6,2025-01,Austin,Leisure,Corporate,142,102.69,51.42,31669.02,4.01,1.026,24.6,1435,433082.41
7,2025-01,Austin,Conference,Direct,139,124.74,66.67,33600.01,4.14,1.057,34.5,1000,511400.97
8,2025-01,Austin,Conference,Online Travel Agency,133,122.91,74.42,30402.64,3.97,1.067,33.6,456,514400.35
9,2025-01,Austin,Conference,Corporate,129,119.68,68.22,38324.26,4.17,1.082,30.4,1693,489443.93
10,2025-01,Chicago,Business,Direct,176,137.25,66.77,34978.18,4.04,1.145,12.8,1164,658863.3
11,2025-01,Chicago,Business,Online Travel Agency,168,144.01,69.01,22744.79,3.99,1.05,19.3,868,631232.93
12,2025-01,Chicago,Business,Corporate,172,134.67,69.8,32706.54,4.03,1.047,10.8,782,627221.6
13,2025-01,Chicago,Leisure,Direct,170,129.69,65.83,28104.58,3.94,0.973,16.0,687,616699.83
14,2025-01,Chicago,Leisure,Online Travel Agency,178,119.4,62.49,35063.73,4.18,0.976,16.4,1159,504544.07
15,2025-01,Chicago,Leisure,Corporate,163,113.31,74.0,42031.74,4.25,0.988,15.2,1032,591550.85
16,2025-01,Chicago,Conference,Direct,166,157.05,81.56,32275.83,4.11,0.973,34.5,1637,863502.84
17,2025-01,Chicago,Conference,Online Travel Agency,164,148.25,80.08,34782.08,3.75,1.027,31.5,641,742189.98
18,2025-01,Chicago,Conference,Corporate,171,154.36,68.44,33478.49,4.24,0.912,29.3,915,768049.68
19,2025-01,Miami,Business,Direct,155,168.55,72.27,34706.63,4.09,1.081,18.4,1523,783516.37
20,2025-01,Miami,Business,Online Travel Agency,149,166.59,76.78,27070.56,3.81,1.038,16.9,667,679906.64
21,2025-01,Miami,Business,Corporate,154,165.89,82.3,22360.33,4.12,0.955,14.6,1220,783188.92
22,2025-01,Miami,Leisure,Direct,148,151.25,65.88,39525.78,4.11,1.03,9.0,1580,639482.23
23,2025-01,Miami,Leisure,Online Travel Agency,163,145.51,73.55,31945.34,4.03,1.063,5.0,934,652143.3
24,2025-01,Miami,Leisure,Corporate,147,141.5,70.03,32615.71,4.08,1.065,32.3,908,587328.18
25,2025-01,Miami,Conference,Direct,148,174.4,75.46,43738.44,4.02,1.053,22.9,760,787494.76
26,2025-01,Miami,Conference,Online Travel Agency,149,182.53,73.42,24308.77,4.14,1.021,20.2,867,715433.06
27,2025-01,Miami,Conference,Corporate,163,174.19,78.92,42142.47,4.11,1.06,19.1,1447,947703.04
28,2025-01,Seattle,Business,Direct,149,141.65,70.53,29698.39,4.19,0.956,19.2,1486,650883.39
29,2025-01,Seattle,Business,Online Travel Agency,142,149.32,68.01,30065.49,3.83,1.052,25.9,1094,616803.67
30,2025-01,Seattle,Business,Corporate,144,147.52,63.2,26456.95,4.31,0.999,13.5,676,560886.17
31,2025-01,Seattle,Leisure,Direct,146,140.62,57.45,31139.71,4.05,1.079,9.9,1501,508035.59
32,2025-01,Seattle,Leisure,Online Travel Agency,146,137.96,72.32,30236.44,4.2,1.033,24.2,591,584450.02
33,2025-01,Seattle,Leisure,Corporate,152,133.43,67.54,29826.45,3.97,0.989,16.5,703,592995.4
34,2025-01,Seattle,Conference,Direct,145,159.67,79.23,40916.22,4.08,0.878,37.7,1678,827180.47
35,2025-01,Seattle,Conference,Online Travel Agency,144,155.98,66.5,27650.18,4.22,1.085,21.9,748,591697.53
36,2025-01,Seattle,Conference,Corporate,158,163.22,88.87,21957.51,4.0,1.022,27.1,800,911726.88
37,2025-02,Austin,Business,Direct,141,118.57,78.22,31773.17,4.12,1.018,31.7,1582,552107.76
38,2025-02,Austin,Business,Online Travel Agency,143,113.28,68.52,31634.21,4.18,1.063,13.7,834,481497.13
39,2025-02,Austin,Business,Corporate,138,107.82,75.35,26034.89,4.08,0.962,19.7,1318,491915.22
40,2025-02,Austin,Leisure,Direct,139,100.52,55.4,28494.93,4.01,0.859,28.0,736,380474.65
41,2025-02,Austin,Leisure,Online Travel Agency,142,102.83,62.56,28634.89,3.93,1.001,20.5,1213,404520.77
42,2025-02,Austin,Leisure,Corporate,127,105.78,71.58,27278.94,4.21,0.92,25.5,811,380536.86
43,2025-02,Austin,Conference,Direct,131,126.52,79.88,44177.75,4.01,0.951,31.4,880,615669.79
44,2025-02,Austin,Conference,Online Travel Agency,139,124.1,64.65,31298.1,4.26,0.966,35.1,915,504063.53
45,2025-02,Austin,Conference,Corporate,127,116.13,65.99,31293.91,4.05,1.014,30.1,1229,448627.28
46,2025-02,Chicago,Business,Direct,166,136.92,80.28,29192.48,4.0,0.953,13.4,1443,643669.03
47,2025-02,Chicago,Business,Online Travel Agency,169,133.23,79.89,30160.04,3.99,1.085,17.8,1295,624157.69
48,2025-02,Chicago,Business,Corporate,173,143.85,74.33,21367.51,4.04,1.082,26.1,892,635620.83
49,2025-02,Chicago,Leisure,Direct,163,128.13,59.71,26308.82,3.75,0.985,25.0,1586,480672.22
50,2025-02,Chicago,Leisure,Online Travel Agency,171,117.95,68.22,30496.43,4.06,0.886,16.4,524,525128.39
51,2025-02,Chicago,Leisure,Corporate,176,120.17,70.94,32857.89,4.03,1.113,17.8,738,549033.87
52,2025-02,Chicago,Conference,Direct,166,146.59,69.99,38330.48,4.0,0.882,31.6,905,605769.64
53,2025-02,Chicago,Conference,Online Travel Agency,176,149.22,77.57,31269.87,4.06,1.034,30.3,717,676181.2
54,2025-02,Chicago,Conference,Corporate,175,145.52,83.33,42692.29,4.07,1.032,30.2,1620,833247.85
55,2025-02,Miami,Business,Direct,159,163.75,84.01,28336.9,4.08,0.988,24.0,1657,774640.17
56,2025-02,Miami,Business,Online Travel Agency,158,162.05,73.53,13851.57,4.02,1.014,32.2,1391,643758.4
57,2025-02,Miami,Business,Corporate,161,163.34,87.41,25477.55,4.02,1.107,10.8,522,795839.36
58,2025-02,Miami,Leisure,Direct,159,149.44,73.53,32659.45,3.76,1.074,21.0,1659,625568.17
59,2025-02,Miami,Leisure,Online Travel Agency,148,156.21,82.6,34064.58,4.0,0.999,10.0,920,557574.25
60,2025-02,Miami,Leisure,Corporate,163,155.36,75.83,26612.43,4.1,1.072,20.1,1070,623649.26
61,2025-02,Miami,Conference,Direct,152,176.08,80.58,44540.9,4.02,1.076,20.1,1342,830801.61
62,2025-02,Miami,Conference,Online Travel Agency,152,171.18,77.34,33103.24,4.1,1.057,36.1,820,705449.04
63,2025-02,Miami,Conference,Corporate,155,184.81,85.69,29124.19,4.18,1.066,19.0,781,858299.83
64,2025-02,Seattle,Business,Direct,151,158.0,69.46,20752.19,3.92,0.897,17.5,1365,643488.98
65,2025-02,Seattle,Business,Online Travel Agency,158,151.47,75.62,33800.67,4.1,0.951,19.0,1041,661788.16
66,2025-02,Seattle,Business,Corporate,149,148.55,74.06,27917.16,4.22,1.026,31.1,1243,653033.3
67,2025-02,Seattle,Leisure,Direct,142,136.04,64.11,37113.37,4.09,1.057,16.4,1143,470891.0
68,2025-02,Seattle,Leisure,Online Travel Agency,149,134.03,63.74,34265.03,4.18,1.076,24.1,442,495620.35
69,2025-02,Seattle,Leisure,Corporate,146,131.0,63.1,17083.51,3.96,1.042,21.5,1067,421123.7
70,2025-02,Seattle,Conference,Direct,152,167.09,78.13,41126.56,4.12,0.957,31.3,1681,797068.4
71,2025-02,Seattle,Conference,Online Travel Agency,155,161.65,73.87,32362.21,4.23,0.907,35.7,810,653515.81
72,2025-02,Seattle,Conference,Corporate,150,165.51,69.76,21887.63,3.67,1.009,33.4,968,549440.72
73,2025-03,Austin,Business,Direct,132,113.66,73.53,29628.96,3.98,1.024,20.1,1800,434819.3
74,2025-03,Austin,Business,Online Travel Agency,134,124.85,69.3,28090.54,4.06,1.011,16.0,857,451756.86
75,2025-03,Austin,Business,Corporate,139,119.79,67.03,17270.22,4.15,1.013,32.7,616,573767.63
76,2025-03,Austin,Leisure,Direct,132,102.42,65.19,30309.83,4.02,0.954,26.5,1226,457522.65
77,2025-03,Austin,Leisure,Online Travel Agency,127,106.33,70.36,32690.87,3.91,0.971,20.4,544,431733.05
78,2025-03,Austin,Leisure,Corporate,128,107.28,66.1,26207.24,3.91,0.967,18.2,1191,445340.46
79,2025-03,Austin,Conference,Direct,142,127.81,65.74,44006.18,4.03,0.971,35.3,1034,506621.24
80,2025-03,Austin,Conference,Online Travel Agency,138,124.83,77.08,27922.48,4.26,0.98,28.3,892,512137.51
81,2025-03,Austin,Conference,Corporate,140,121.64,71.39,46810.11,3.68,1.048,35.4,510,528967.92
82,2025-03,Chicago,Business,Direct,172,136.61,73.89,35932.5,4.16,1.052,23.8,1697,718175.54
83,2025-03,Chicago,Business,Online Travel Agency,170,142.63,66.49,34689.51,4.12,1.014,23.9,1416,681843.34
84,2025-03,Chicago,Business,Corporate,168,145.86,76.29,37125.33,4.01,0.898,13.1,1037,737467.73
85,2025-03,Chicago,Leisure,Direct,172,122.18,63.24,27656.82,4.19,0.948,38.4,1333,584994.59
86,2025-03,Chicago,Leisure,Online Travel Agency,166,119.11,69.38,19992.27,4.08,1.013,18.6,730,599248.33
87,2025-03,Chicago,Leisure,Corporate,170,126.24,68.33,40837.68,4.05,0.914,17.2,975,651362.91
88,2025-03,Chicago,Conference,Direct,173,152.35,74.71,42314.29,4.22,0.952,28.3,1531,833111.93
89,2025-03,Chicago,Conference,Online Travel Agency,166,157.52,80.3,31543.92,3.86,1.024,26.5,918,721946.82
90,2025-03,Chicago,Conference,Corporate,168,155.76,76.93,39338.95,4.07,0.974,34.2,499,819067.96
91,2025-03,Miami,Business,Direct,159,167.95,78.61,42162.41,3.97,1.02,16.9,1722,832249.97
92,2025-03,Miami,Business,Online Travel Agency,159,171.13,82.42,19228.49,4.18,1.069,17.3,1306,776294.28
93,2025-03,Miami,Business,Corporate,158,171.39,82.57,17068.17,3.86,0.982,25.6,925,777504.19
94,2025-03,Miami,Leisure,Direct,150,151.54,84.07,36990.49,4.07,0.978,18.1,1351,703810.13
95,2025-03,Miami,Leisure,Online Travel Agency,153,158.73,72.68,35586.17,4.3,0.944,17.5,721,671749.27
96,2025-03,Miami,Leisure,Corporate,163,150.88,81.97,28627.54,3.89,1.065,37.2,877,711212.62
97,2025-03,Miami,Conference,Direct,163,183.91,82.12,33416.13,4.0,1.16,34.6,1000,919449.5
98,2025-03,Miami,Conference,Online Travel Agency,155,174.02,80.42,28069.92,4.09,1.058,23.6,623,819486.24
99,2025-03,Miami,Conference,Corporate,161,182.31,80.85,37898.72,4.1,1.133,33.7,1126,920326.78
100,2025-03,Seattle,Business,Direct,142,154.99,74.53,40064.48,4.14,1.022,25.0,1486,720475.66
101,2025-03,Seattle,Business,Online Travel Agency,151,155.34,69.85,29266.54,4.04,0.998,20.9,865,647815.34
102,2025-03,Seattle,Business,Corporate,148,155.57,71.03,28186.84,4.25,1.011,20.3,660,686168.25
103,2025-03,Seattle,Leisure,Direct,154,135.86,69.1,35620.99,4.28,0.995,22.0,1362,631924.62
104,2025-03,Seattle,Leisure,Online Travel Agency,145,139.19,64.88,32887.37,4.19,0.962,16.7,1355,522217.97
105,2025-03,Seattle,Leisure,Corporate,153,136.57,57.82,32758.8,4.18,0.906,17.2,543,527850.82
106,2025-03,Seattle,Conference,Direct,152,173.46,82.55,36554.32,3.94,0.994,32.4,903,890677.93
107,2025-03,Seattle,Conference,Online Travel Agency,146,167.67,77.22,30431.97,4.14,0.931,35.1,829,763840.7
108,2025-03,Seattle,Conference,Corporate,149,165.82,73.59,42572.38,3.73,1.028,26.2,1260,785280.16
109,2025-04,Austin,Business,Direct,130,111.67,71.28,36890.26,3.93,1.049,8.0,1434,455970.58
110,2025-04,Austin,Business,Online Travel Agency,143,115.19,57.58,17704.63,4.13,1.043,20.0,758,374391.72
111,2025-04,Austin,Business,Corporate,143,117.28,65.14,27908.76,4.0,0.966,12.0,1016,439345.04
112,2025-04,Austin,Leisure,Direct,135,103.31,64.27,32836.42,3.95,1.011,12.6,1457,434563.03
113,2025-04,Austin,Leisure,Online Travel Agency,128,104.43,63.33,29368.69,4.17,1.081,27.7,943,376420.42
114,2025-04,Austin,Leisure,Corporate,134,106.83,67.87,34822.09,3.98,1.072,21.4,1369,430608.42
115,2025-04,Austin,Conference,Direct,135,126.4,66.62,42226.83,4.27,0.984,43.1,821,576593.95
116,2025-04,Austin,Conference,Online Travel Agency,140,123.39,70.05,36021.46,4.22,1.163,24.3,617,525139.78
117,2025-04,Austin,Conference,Corporate,135,124.09,72.63,23096.96,4.01,0.926,25.4,766,512695.9
118,2025-04,Chicago,Business,Direct,166,136.48,68.37,35458.94,4.21,1.093,16.8,1630,632394.39
119,2025-04,Chicago,Business,Online Travel Agency,163,144.05,81.36,19698.07,3.88,1.069,16.1,1187,632448.25
120,2025-04,Chicago,Business,Corporate,165,142.91,74.24,17271.81,4.07,0.991,27.4,441,651977.56
121,2025-04,Chicago,Leisure,Direct,163,127.2,67.13,28319.32,3.83,1.094,30.8,858,523366.01
122,2025-04,Chicago,Leisure,Online Travel Agency,172,125.65,75.67,24156.53,3.81,0.951,20.0,1397,548433.56
123,2025-04,Chicago,Leisure,Corporate,173,123.12,73.3,33506.01,4.25,1.067,19.4,941,681275.48
124,2025-04,Chicago,Conference,Direct,176,161.54,90.24,35909.45,4.06,1.008,24.7,1054,911016.32
125,2025-04,Chicago,Conference,Online Travel Agency,166,155.23,74.22,26272.8,4.3,1.108,23.5,867,711819.87
126,2025-04,Chicago,Conference,Corporate,176,144.75,80.16,25073.84,4.11,1.004,28.8,751,743077.17
127,2025-04,Miami,Business,Direct,154,165.23,78.73,33331.51,4.09,1.067,16.4,1453,772941.82
128,2025-04,Miami,Business,Online Travel Agency,154,170.53,82.4,31288.61,4.24,0.928,23.6,1086,753776.55
129,2025-04,Miami,Business,Corporate,155,165.84,82.73,24071.8,4.06,1.097,24.9,972,801764.18
130,2025-04,Miami,Leisure,Direct,148,152.4,79.87,42383.42,4.06,1.037,12.8,890,645113.06
131,2025-04,Miami,Leisure,Online Travel Agency,147,146.45,70.08,38673.1,4.21,0.992,32.8,1095,604228.67
132,2025-04,Miami,Leisure,Corporate,162,149.64,70.79,27025.08,3.84,1.086,5.0,1064,666815.14
133,2025-04,Miami,Conference,Direct,157,181.33,86.66,36772.17,4.19,1.028,21.3,992,871461.47
134,2025-04,Miami,Conference,Online Travel Agency,161,195.9,89.59,33652.62,4.06,1.047,24.5,873,1023183.69
135,2025-04,Miami,Conference,Corporate,153,177.47,87.45,44003.07,4.15,1.039,21.4,1199,903178.75
136,2025-04,Seattle,Business,Direct,142,156.69,62.31,35608.74,4.36,1.073,23.0,1095,607096.29
137,2025-04,Seattle,Business,Online Travel Agency,151,153.28,77.45,32856.57,3.99,1.044,13.1,1455,634362.92
138,2025-04,Seattle,Business,Corporate,145,153.42,68.06,25093.55,3.98,0.996,27.7,672,594541.95
139,2025-04,Seattle,Leisure,Direct,146,142.66,76.81,24009.84,4.12,1.08,8.2,1289,604846.05
140,2025-04,Seattle,Leisure,Online Travel Agency,144,144.47,73.31,15856.7,3.8,1.057,13.4,438,549269.9
141,2025-04,Seattle,Leisure,Corporate,148,134.71,73.04,35349.57,4.31,0.907,11.2,1140,562825.06
142,2025-04,Seattle,Conference,Direct,154,164.76,76.86,33958.18,4.18,1.057,28.8,1326,828178.11
143,2025-04,Seattle,Conference,Online Travel Agency,144,161.09,70.05,31920.19,4.08,1.048,12.4,1178,635214.43
144,2025-04,Seattle,Conference,Corporate,157,160.81,67.59,16818.78,3.99,0.959,33.5,688,644196.45
145,2025-05,Austin,Business,Direct,134,114.67,71.21,37274.28,4.15,0.941,13.8,1184,496713.5
146,2025-05,Austin,Business,Online Travel Agency,135,120.92,69.6,29256.65,4.05,1.02,26.8,502,509736.1
147,2025-05,Austin,Business,Corporate,138,114.97,75.23,31694.87,4.16,0.972,18.3,703,514765.09
148,2025-05,Austin,Leisure,Direct,128,106.02,65.0,29305.82,4.42,1.05,8.8,1081,459724.47
149,2025-05,Austin,Leisure,Online Travel Agency,129,100.64,62.88,24038.17,4.02,1.003,20.7,832,372826.57
150,2025-05,Austin,Leisure,Corporate,139,106.06,62.11,17233.19,4.22,1.063,5.9,709,376223.15
151,2025-05,Austin,Conference,Direct,137,129.36,79.27,34109.79,3.85,0.961,34.0,1347,560079.41
152,2025-05,Austin,Conference,Online Travel Agency,127,127.56,72.42,34840.1,4.24,1.052,14.6,250,521182.19
153,2025-05,Austin,Conference,Corporate,131,126.48,77.35,28703.8,3.92,1.066,25.8,1070,567210.07
154,2025-05,Chicago,Business,Direct,163,140.34,70.17,36515.27,4.26,0.945,24.1,977,708163.45
155,2025-05,Chicago,Business,Online Travel Agency,174,141.24,78.3,28777.27,3.95,1.066,15.9,993,670468.99
156,2025-05,Chicago,Business,Corporate,165,139.69,78.17,35095.08,4.16,1.056,22.2,1124,726445.72
157,2025-05,Chicago,Leisure,Direct,178,130.15,64.8,23605.61,3.99,0.995,26.4,1563,645783.2
158,2025-05,Chicago,Leisure,Online Travel Agency,169,127.29,69.12,34570.6,4.04,0.967,16.5,1123,613846.57
159,2025-05,Chicago,Leisure,Corporate,164,122.98,76.9,21624.04,3.9,1.037,28.1,737,587626.02
160,2025-05,Chicago,Conference,Direct,166,159.79,79.34,37181.4,3.99,1.002,22.1,1254,821765.38
161,2025-05,Chicago,Conference,Online Travel Agency,169,147.66,85.91,29902.58,4.08,1.073,28.9,964,866099.97
162,2025-05,Chicago,Conference,Corporate,171,151.19,83.04,32370.59,4.14,1.084,31.6,985,870459.32
163,2025-05,Miami,Business,Direct,157,163.14,82.41,39591.33,3.8,0.969,17.4,1439,804507.46
164,2025-05,Miami,Business,Online Travel Agency,158,168.26,80.58,19286.4,4.22,1.047,18.9,1209,743607.63
165,2025-05,Miami,Business,Corporate,154,169.06,89.4,35311.19,4.01,1.046,8.0,865,880709.21
166,2025-05,Miami,Leisure,Direct,161,143.75,76.2,27670.63,3.84,1.074,26.0,995,679084.22
167,2025-05,Miami,Leisure,Online Travel Agency,153,153.37,77.43,20244.49,4.05,1.103,18.7,985,668405.14
168,2025-05,Miami,Leisure,Corporate,150,148.07,72.15,24226.6,4.15,1.122,22.8,551,645433.12
169,2025-05,Miami,Conference,Direct,155,186.12,73.34,45779.82,4.09,1.047,30.2,1403,888717.54
170,2025-05,Miami,Conference,Online Travel Agency,162,179.98,80.3,26688.29,3.8,1.062,27.4,425,867569.56
171,2025-05,Miami,Conference,Corporate,154,180.3,82.34,22610.38,3.87,1.032,35.5,716,847278.69
172,2025-05,Seattle,Business,Direct,145,154.17,70.07,44439.78,4.28,0.945,22.7,1627,720685.27
173,2025-05,Seattle,Business,Online Travel Agency,147,156.77,70.93,13023.33,4.12,1.02,12.9,840,537743.18
174,2025-05,Seattle,Business,Corporate,158,161.13,76.56,21342.79,4.34,1.067,24.1,943,719072.48
175,2025-05,Seattle,Leisure,Direct,155,140.89,72.78,36315.08,4.08,1.028,14.0,1632,715161.14
176,2025-05,Seattle,Leisure,Online Travel Agency,147,129.82,69.25,34714.27,4.04,0.98,19.8,802,587080.97
177,2025-05,Seattle,Leisure,Corporate,146,141.13,75.54,28649.39,4.1,0.974,17.6,1032,627729.14
178,2025-05,Seattle,Conference,Direct,145,163.53,71.63,31049.87,3.8,0.974,33.0,1253,664227.56
179,2025-05,Seattle,Conference,Online Travel Agency,152,168.77,70.75,20541.59,3.92,1.014,25.6,1026,661353.82
180,2025-05,Seattle,Conference,Corporate,151,170.68,79.18,31320.87,4.42,0.954,32.3,533,775212.79
181,2025-06,Austin,Business,Direct,138,112.63,66.62,31226.08,3.98,1.035,16.9,1614,550988.81
182,2025-06,Austin,Business,Online Travel Agency,128,118.82,56.78,29555.51,4.23,0.926,20.9,941,433202.65
183,2025-06,Austin,Business,Corporate,131,113.85,78.25,39504.11,3.94,0.961,20.5,1349,527627.94
184,2025-06,Austin,Leisure,Direct,136,96.33,63.01,34834.94,4.19,1.044,25.7,966,427125.64
185,2025-06,Austin,Leisure,Online Travel Agency,140,101.89,55.38,33740.21,4.01,0.99,39.4,925,351795.95
186,2025-06,Austin,Leisure,Corporate,137,103.12,56.0,33974.99,3.93,1.103,27.6,738,432017.6
187,2025-06,Austin,Conference,Direct,142,126.06,75.98,51128.95,3.83,1.021,20.2,1407,582286.8
188,2025-06,Austin,Conference,Online Travel Agency,137,123.85,68.62,33936.88,4.17,0.989,16.9,666,486448.11
189,2025-06,Austin,Conference,Corporate,135,125.97,78.26,31482.33,4.15,0.942,31.0,803,602067.87
190,2025-06,Chicago,Business,Direct,166,145.14,87.14,37767.62,4.16,1.011,17.5,1445,791864.22
191,2025-06,Chicago,Business,Online Travel Agency,167,147.71,75.95,26026.2,3.81,0.991,26.1,977,585308.47
192,2025-06,Chicago,Business,Corporate,164,140.51,79.41,25029.25,4.05,1.013,16.8,1214,683709.24
193,2025-06,Chicago,Leisure,Direct,176,126.51,63.13,46635.2,3.82,1.044,24.3,1091,614036.8
194,2025-06,Chicago,Leisure,Online Travel Agency,162,126.23,65.25,35765.38,3.89,0.978,20.7,723,549174.44
195,2025-06,Chicago,Leisure,Corporate,164,125.32,78.89,21497.85,4.0,1.028,21.3,938,630293.16
196,2025-06,Chicago,Conference,Direct,164,156.91,78.93,27854.21,3.89,0.969,18.8,1150,703493.18
197,2025-06,Chicago,Conference,Online Travel Agency,175,151.31,77.11,29363.44,4.08,1.03,31.2,1101,814968.85
198,2025-06,Chicago,Conference,Corporate,176,146.35,75.89,20948.67,4.16,1.041,21.8,686,722283.55
199,2025-06,Miami,Business,Direct,154,164.38,84.17,37634.54,4.42,1.002,25.6,953,807488.05
200,2025-06,Miami,Business,Online Travel Agency,160,166.48,86.01,21972.2,4.15,1.084,20.5,1047,828543.5
201,2025-06,Miami,Business,Corporate,159,163.59,81.4,27507.15,4.22,1.009,13.8,913,772426.78
202,2025-06,Miami,Leisure,Direct,152,155.08,78.91,34490.32,3.87,1.016,14.1,1753,700952.85
203,2025-06,Miami,Leisure,Online Travel Agency,148,146.99,66.45,33894.58,4.02,1.074,18.4,804,499038.48
204,2025-06,Miami,Leisure,Corporate,159,141.74,74.78,18219.32,4.19,1.035,9.8,773,598306.93
205,2025-06,Miami,Conference,Direct,163,178.69,76.48,34224.94,4.2,1.037,37.3,1259,879798.97
206,2025-06,Miami,Conference,Online Travel Agency,153,191.57,82.89,27395.36,3.89,0.931,13.9,917,849043.57
207,2025-06,Miami,Conference,Corporate,158,174.89,88.34,36471.11,4.18,1.009,32.0,1119,938316.57
208,2025-06,Seattle,Business,Direct,145,149.15,70.66,43889.09,4.0,1.028,18.8,1667,679722.64
209,2025-06,Seattle,Business,Online Travel Agency,143,154.23,76.76,20584.93,4.09,1.025,9.5,1052,660576.53
210,2025-06,Seattle,Business,Corporate,144,147.99,72.74,27784.01,4.04,0.993,6.8,863,602182.57
211,2025-06,Seattle,Leisure,Direct,158,135.67,59.77,40811.62,3.99,0.959,18.8,1490,561551.22
212,2025-06,Seattle,Leisure,Online Travel Agency,153,138.51,69.64,16174.5,3.97,0.899,25.2,1246,566291.55
213,2025-06,Seattle,Leisure,Corporate,142,142.01,82.63,30917.07,3.96,0.992,23.0,263,648809.93
214,2025-06,Seattle,Conference,Direct,144,164.39,74.15,27057.65,3.96,1.053,39.3,901,645330.42
215,2025-06,Seattle,Conference,Online Travel Agency,153,162.53,75.91,24754.14,4.1,0.994,23.9,813,703756.59
216,2025-06,Seattle,Conference,Corporate,147,165.89,83.19,35645.98,4.06,1.038,25.7,1143,792191.04
217,2025-07,Austin,Business,Direct,143,114.45,62.51,33881.03,4.1,0.93,20.9,1524,466487.63
218,2025-07,Austin,Business,Online Travel Agency,129,110.14,62.03,19800.54,3.92,1.003,20.5,1240,303272.31
219,2025-07,Austin,Business,Corporate,129,114.87,64.61,32101.87,3.96,0.95,27.4,1266,437554.53
220,2025-07,Austin,Leisure,Direct,131,99.06,63.68,36957.9,4.15,1.092,30.9,1061,352201.84
221,2025-07,Austin,Leisure,Online Travel Agency,137,99.11,61.78,25649.31,4.32,1.001,21.6,904,374971.82
222,2025-07,Austin,Leisure,Corporate,132,95.8,67.71,22112.74,3.97,0.967,29.6,316,499139.46
223,2025-07,Austin,Conference,Direct,143,128.7,67.72,40695.54,4.27,1.064,26.6,1176,606799.24
224,2025-07,Austin,Conference,Online Travel Agency,139,127.55,73.35,32513.5,4.23,1.078,34.2,718,578966.22
225,2025-07,Austin,Conference,Corporate,129,127.8,71.97,36713.12,4.14,0.965,31.0,1050,577711.48
226,2025-07,Chicago,Business,Direct,170,141.03,74.65,29014.15,4.11,0.955,19.8,950,641251.0
227,2025-07,Chicago,Business,Online Travel Agency,167,140.55,63.12,35128.9,4.31,0.961,19.4,882,629766.82
228,2025-07,Chicago,Business,Corporate,167,131.93,68.59,23000.57,3.93,1.046,18.6,934,521691.26
229,2025-07,Chicago,Leisure,Direct,162,117.8,68.69,43628.05,3.99,1.033,14.1,1176,611839.5
230,2025-07,Chicago,Leisure,Online Travel Agency,165,120.85,68.35,20815.2,4.17,1.046,20.9,909,574748.21
231,2025-07,Chicago,Leisure,Corporate,165,124.69,64.86,27833.77,3.8,0.962,17.1,719,544332.11
232,2025-07,Chicago,Conference,Direct,173,147.46,74.33,41641.99,3.99,1.038,39.2,1257,801768.5
233,2025-07,Chicago,Conference,Online Travel Agency,169,147.51,81.03,30225.66,3.99,1.04,21.6,1107,722554.78
234,2025-07,Chicago,Conference,Corporate,176,150.89,78.61,35921.36,4.07,0.959,30.4,870,801184.47
235,2025-07,Miami,Business,Direct,156,162.48,75.36,32904.71,4.11,0.994,17.2,1459,756034.25
236,2025-07,Miami,Business,Online Travel Agency,155,165.52,76.98,25152.29,4.11,1.052,16.1,292,708463.48
237,2025-07,Miami,Business,Corporate,161,165.94,74.23,26138.45,4.12,0.911,29.4,792,818218.53
238,2025-07,Miami,Leisure,Direct,152,150.83,73.02,38358.12,3.92,0.945,25.7,1304,652683.13
239,2025-07,Miami,Leisure,Online Travel Agency,149,150.99,66.56,38062.0,3.95,1.041,16.0,630,537431.24
240,2025-07,Miami,Leisure,Corporate,163,146.46,68.39,32815.36,3.99,1.017,13.0,250,634262.42
241,2025-07,Miami,Conference,Direct,163,178.35,83.62,42010.7,4.16,1.024,24.6,1143,989595.25
242,2025-07,Miami,Conference,Online Travel Agency,162,180.37,89.14,30454.98,4.15,1.084,19.8,310,928926.3
243,2025-07,Miami,Conference,Corporate,158,180.61,81.66,33126.72,4.13,1.018,38.4,450,860302.99
244,2025-07,Seattle,Business,Direct,144,152.98,71.15,29970.43,4.41,1.009,16.9,1398,654618.4
245,2025-07,Seattle,Business,Online Travel Agency,146,161.21,72.57,33460.06,4.35,0.963,21.4,1192,734327.68
246,2025-07,Seattle,Business,Corporate,151,146.4,65.7,28138.98,4.1,1.062,23.6,962,614704.1
247,2025-07,Seattle,Leisure,Direct,156,135.43,63.49,36922.46,4.07,0.914,19.9,1185,562745.38
248,2025-07,Seattle,Leisure,Online Travel Agency,147,128.28,66.33,41153.44,4.05,0.99,14.5,805,576541.47
249,2025-07,Seattle,Leisure,Corporate,151,134.08,58.83,35066.77,4.06,1.052,19.7,640,538159.33
250,2025-07,Seattle,Conference,Direct,152,167.78,75.26,38311.75,4.13,0.977,16.7,1031,765268.06
251,2025-07,Seattle,Conference,Online Travel Agency,147,168.28,70.5,32173.43,4.15,0.995,16.3,610,692609.49
252,2025-07,Seattle,Conference,Corporate,142,172.93,72.3,33989.09,4.22,1.025,31.8,1074,656563.43
253,2025-08,Austin,Business,Direct,137,112.26,57.88,30051.08,4.14,0.969,9.8,1800,379680.62
254,2025-08,Austin,Business,Online Travel Agency,133,107.48,56.48,29608.83,4.05,1.006,21.1,1298,355724.61
255,2025-08,Austin,Business,Corporate,130,109.31,68.23,20944.54,4.16,1.093,16.3,517,481239.13
256,2025-08,Austin,Leisure,Direct,138,97.02,64.29,39065.28,4.01,1.078,17.2,1120,302166.85
257,2025-08,Austin,Leisure,Online Travel Agency,139,95.66,61.32,33764.77,3.98,0.857,18.4,959,396912.2
258,2025-08,Austin,Leisure,Corporate,130,102.59,63.2,21810.84,4.1,1.006,27.4,707,338374.53
259,2025-08,Austin,Conference,Direct,131,126.09,56.46,52000.0,4.14,0.99,24.1,993,514015.85
260,2025-08,Austin,Conference,Online Travel Agency,133,118.51,62.07,36415.93,3.88,1.037,28.2,419,399622.59
261,2025-08,Austin,Conference,Corporate,131,125.76,70.4,29008.29,3.91,1.08,16.0,700,495994.55
262,2025-08,Chicago,Business,Direct,171,133.45,73.11,36719.59,4.27,1.036,9.5,1623,655055.23
263,2025-08,Chicago,Business,Online Travel Agency,166,137.03,65.72,12990.31,4.07,1.06,24.0,1204,547853.22
264,2025-08,Chicago,Business,Corporate,168,135.16,75.21,25606.54,4.02,0.948,23.2,1078,658619.22
265,2025-08,Chicago,Leisure,Direct,177,123.87,65.94,18456.72,4.04,1.025,16.3,1032,609268.62
266,2025-08,Chicago,Leisure,Online Travel Agency,172,115.93,63.71,33787.49,4.13,1.028,17.3,852,500017.71
267,2025-08,Chicago,Leisure,Corporate,177,120.65,66.85,29583.64,4.25,0.945,18.0,571,563032.78
268,2025-08,Chicago,Conference,Direct,166,148.76,71.15,38175.85,4.08,0.964,24.5,903,695220.25
269,2025-08,Chicago,Conference,Online Travel Agency,173,142.79,79.06,27909.79,4.31,0.971,13.0,571,769501.4
270,2025-08,Chicago,Conference,Corporate,163,147.41,67.25,28366.53,4.1,1.037,32.6,956,652972.55
271,2025-08,Miami,Business,Direct,155,156.27,76.89,43838.39,4.0,0.995,31.9,1083,700518.88
272,2025-08,Miami,Business,Online Travel Agency,149,162.4,69.25,22007.91,3.92,1.041,17.5,820,613508.76
273,2025-08,Miami,Business,Corporate,161,162.4,77.43,29282.63,3.97,1.112,28.7,1297,815131.21
274,2025-08,Miami,Leisure,Direct,162,147.98,84.12,48009.66,3.97,0.951,30.0,1246,800284.36
275,2025-08,Miami,Leisure,Online Travel Agency,159,137.87,74.07,31718.37,4.07,1.092,14.7,991,586280.57
276,2025-08,Miami,Leisure,Corporate,162,144.46,82.03,22576.63,4.27,1.049,22.1,864,786540.49
277,2025-08,Miami,Conference,Direct,163,188.59,82.2,31774.9,4.19,1.088,31.6,1191,937540.28
278,2025-08,Miami,Conference,Online Travel Agency,160,173.08,75.34,31563.34,3.98,1.068,35.4,705,779206.4
279,2025-08,Miami,Conference,Corporate,162,182.14,77.83,31128.7,3.75,1.08,23.2,933,758152.22
280,2025-08,Seattle,Business,Direct,155,154.28,64.74,25055.73,4.0,0.967,27.5,1255,665915.76
281,2025-08,Seattle,Business,Online Travel Agency,152,154.63,70.68,49193.19,4.06,1.021,13.6,1001,581963.83
282,2025-08,Seattle,Business,Corporate,152,143.99,70.64,17180.04,4.29,0.974,19.8,830,581998.19
283,2025-08,Seattle,Leisure,Direct,144,140.1,58.41,29454.95,3.96,1.03,12.7,1244,503446.7
284,2025-08,Seattle,Leisure,Online Travel Agency,144,132.63,67.4,17450.97,4.11,0.985,18.1,878,495875.96
285,2025-08,Seattle,Leisure,Corporate,155,128.43,56.68,32599.64,4.03,1.059,5.0,500,483791.17
286,2025-08,Seattle,Conference,Direct,146,168.42,73.91,40730.61,4.16,1.113,20.1,1328,705755.68
287,2025-08,Seattle,Conference,Online Travel Agency,154,160.05,78.89,14053.1,4.03,1.034,27.9,1215,699566.54
288,2025-08,Seattle,Conference,Corporate,142,158.95,62.59,35721.95,4.09,1.017,21.8,607,606228.73
289,2025-09,Austin,Business,Direct,136,105.88,66.0,33050.44,3.97,0.959,15.1,1388,449357.99
290,2025-09,Austin,Business,Online Travel Agency,135,105.3,53.6,40161.27,4.07,0.952,20.7,341,365949.52
291,2025-09,Austin,Business,Corporate,127,112.57,74.1,29636.94,3.95,0.982,14.5,1108,432488.61
292,2025-09,Austin,Leisure,Direct,133,98.98,55.88,41101.24,4.12,1.057,22.2,983,451491.53
293,2025-09,Austin,Leisure,Online Travel Agency,137,94.78,62.19,36089.24,4.06,1.02,19.4,329,358678.9
294,2025-09,Austin,Leisure,Corporate,135,101.26,73.61,25648.56,4.25,0.982,19.9,1289,423526.06
295,2025-09,Austin,Conference,Direct,142,116.23,65.56,42313.76,4.12,1.02,28.2,1407,409693.9
296,2025-09,Austin,Conference,Online Travel Agency,141,120.95,63.14,32981.58,4.0,1.085,30.7,487,394849.14
297,2025-09,Austin,Conference,Corporate,137,125.99,70.84,30641.8,4.36,1.015,38.6,1199,570375.79
298,2025-09,Chicago,Business,Direct,174,141.09,63.35,38346.22,3.92,1.087,12.3,1073,554935.66
299,2025-09,Chicago,Business,Online Travel Agency,178,138.19,61.67,37548.65,3.99,1.008,25.1,802,627535.79
300,2025-09,Chicago,Business,Corporate,174,132.2,76.53,19840.32,4.13,1.057,22.0,1100,684671.38
301,2025-09,Chicago,Leisure,Direct,172,116.83,71.6,37320.15,4.21,0.964,26.0,937,636373.06
302,2025-09,Chicago,Leisure,Online Travel Agency,167,117.18,67.67,36433.24,4.07,0.903,14.9,1110,554983.68
303,2025-09,Chicago,Leisure,Corporate,171,124.03,66.69,32632.09,4.16,0.948,30.0,735,591329.65
304,2025-09,Chicago,Conference,Direct,167,152.58,70.98,40896.0,4.22,1.021,31.3,871,714219.41
305,2025-09,Chicago,Conference,Online Travel Agency,169,146.35,80.16,27648.41,4.13,1.041,29.1,1462,688081.7
306,2025-09,Chicago,Conference,Corporate,177,143.73,70.78,31744.5,4.05,1.018,38.0,1120,664417.09
307,2025-09,Miami,Business,Direct,149,162.64,77.42,28991.31,4.03,1.019,20.0,1328,728942.03
308,2025-09,Miami,Business,Online Travel Agency,156,158.18,74.15,36749.41,4.19,0.984,19.9,1413,768447.41
309,2025-09,Miami,Business,Corporate,157,160.44,77.8,18439.77,4.11,1.092,23.8,1173,773805.82
310,2025-09,Miami,Leisure,Direct,157,147.33,68.23,30623.95,4.08,1.04,20.4,1234,594839.49
311,2025-09,Miami,Leisure,Online Travel Agency,147,148.61,78.43,31658.73,3.97,1.139,13.3,766,631079.95
312,2025-09,Miami,Leisure,Corporate,162,134.49,59.75,31832.46,4.07,1.054,20.9,904,578191.32
313,2025-09,Miami,Conference,Direct,163,178.74,76.98,49410.59,4.31,1.004,26.9,1192,868299.9
314,2025-09,Miami,Conference,Online Travel Agency,163,181.67,79.31,34157.63,4.2,1.054,22.6,808,848958.29
315,2025-09,Miami,Conference,Corporate,155,178.02,82.1,31781.52,4.16,1.002,26.6,799,817434.1
316,2025-09,Seattle,Business,Direct,148,145.51,63.48,22755.66,4.01,0.906,16.8,1207,574250.03
317,2025-09,Seattle,Business,Online Travel Agency,149,146.46,72.45,19197.18,3.93,1.011,19.0,878,549894.46
318,2025-09,Seattle,Business,Corporate,152,154.63,68.41,29536.72,3.91,0.936,20.1,643,647816.86
319,2025-09,Seattle,Leisure,Direct,158,132.96,61.81,44047.13,3.94,0.952,10.3,1075,514838.16
320,2025-09,Seattle,Leisure,Online Travel Agency,153,133.64,63.84,30559.68,3.78,0.985,22.9,838,448101.15
321,2025-09,Seattle,Leisure,Corporate,157,134.71,71.78,35089.7,4.25,1.011,18.2,943,603615.62
322,2025-09,Seattle,Conference,Direct,149,163.8,63.72,35717.22,4.42,0.932,32.6,686,681246.8
323,2025-09,Seattle,Conference,Online Travel Agency,147,163.65,68.9,15269.77,4.03,1.012,30.8,1240,665617.87
324,2025-09,Seattle,Conference,Corporate,147,168.54,67.43,27333.53,4.03,1.065,29.4,717,660830.84
325,2025-10,Austin,Business,Direct,135,110.53,53.96,50442.17,4.1,1.037,29.6,1215,456383.75
326,2025-10,Austin,Business,Online Travel Agency,139,107.46,57.92,19017.03,4.06,0.945,11.5,1175,370196.78
327,2025-10,Austin,Business,Corporate,141,109.84,66.75,38341.63,4.03,0.998,11.5,1485,443531.92
328,2025-10,Austin,Leisure,Direct,133,96.95,60.34,32593.33,4.3,1.062,25.3,1243,395285.32
329,2025-10,Austin,Leisure,Online Travel Agency,141,97.54,61.74,23769.59,4.04,1.003,13.4,1150,359420.48
330,2025-10,Austin,Leisure,Corporate,127,99.44,61.09,23790.39,3.88,1.084,18.7,906,376256.15
331,2025-10,Austin,Conference,Direct,137,118.9,71.59,34520.32,4.12,0.96,33.3,1381,600967.52
332,2025-10,Austin,Conference,Online Travel Agency,132,115.24,60.02,29191.2,4.25,0.986,21.7,432,383803.66
333,2025-10,Austin,Conference,Corporate,128,122.45,66.28,36517.63,3.85,0.936,36.0,933,508354.46
334,2025-10,Chicago,Business,Direct,178,138.55,75.67,30074.13,4.05,0.91,17.3,1609,716433.12
335,2025-10,Chicago,Business,Online Travel Agency,173,132.97,62.53,20879.89,4.08,0.997,20.4,588,541360.81
336,2025-10,Chicago,Business,Corporate,171,136.01,71.93,22825.9,3.99,0.964,17.6,1277,650268.93
337,2025-10,Chicago,Leisure,Direct,173,113.26,55.54,32243.96,4.1,0.939,26.5,1084,479009.72
338,2025-10,Chicago,Leisure,Online Travel Agency,178,118.02,65.36,21303.74,4.05,1.018,17.9,954,500669.62
339,2025-10,Chicago,Leisure,Corporate,166,118.04,62.65,22069.48,4.07,1.004,27.5,665,572023.69
340,2025-10,Chicago,Conference,Direct,171,149.83,73.84,39151.92,3.95,0.943,27.3,1247,731527.5
341,2025-10,Chicago,Conference,Online Travel Agency,162,151.73,78.88,29635.88,4.16,1.016,27.6,948,788032.63
342,2025-10,Chicago,Conference,Corporate,170,145.11,69.2,22218.31,4.08,1.002,29.4,954,642329.98
343,2025-10,Miami,Business,Direct,156,162.95,76.47,19931.99,4.04,1.093,16.4,1090,692361.71
344,2025-10,Miami,Business,Online Travel Agency,163,158.66,79.51,28863.97,4.21,1.013,15.1,1374,783945.96
345,2025-10,Miami,Business,Corporate,159,151.63,72.36,29237.76,4.13,1.002,20.2,378,661537.02
346,2025-10,Miami,Leisure,Direct,152,147.79,76.98,37501.74,4.06,1.006,23.8,1229,645896.81
347,2025-10,Miami,Leisure,Online Travel Agency,157,142.93,68.4,20044.12,4.15,1.053,18.2,821,563337.78
348,2025-10,Miami,Leisure,Corporate,163,149.58,67.52,43166.38,4.33,0.98,15.0,967,645265.28
349,2025-10,Miami,Conference,Direct,162,169.58,75.84,38995.16,4.23,1.031,17.0,1298,812156.17
350,2025-10,Miami,Conference,Online Travel Agency,158,177.25,80.77,23749.35,4.34,1.041,36.4,667,893662.43
351,2025-10,Miami,Conference,Corporate,148,174.43,78.67,32987.2,4.27,1.017,36.2,1033,805814.63
352,2025-10,Seattle,Business,Direct,151,147.62,72.4,21317.84,4.09,0.9,25.3,1336,652766.33
353,2025-10,Seattle,Business,Online Travel Agency,150,149.92,64.48,26449.06,4.23,0.983,10.2,792,639720.78
354,2025-10,Seattle,Business,Corporate,151,148.21,64.62,36335.36,4.2,1.024,11.9,821,577768.41
355,2025-10,Seattle,Leisure,Direct,143,129.86,55.26,36528.36,4.06,0.989,14.7,1472,538179.84
356,2025-10,Seattle,Leisure,Online Travel Agency,143,130.92,60.99,20989.51,3.91,0.946,10.3,753,387647.6
357,2025-10,Seattle,Leisure,Corporate,144,131.37,59.25,27419.98,4.03,0.905,30.5,860,516107.25
358,2025-10,Seattle,Conference,Direct,156,164.22,67.97,43504.01,3.76,0.995,23.8,1318,720186.02
359,2025-10,Seattle,Conference,Online Travel Agency,158,165.02,66.56,19094.5,3.97,1.037,19.6,847,601123.06
360,2025-10,Seattle,Conference,Corporate,146,161.27,78.14,35261.17,4.35,0.964,23.6,982,747248.03
361,2025-11,Austin,Business,Direct,132,106.78,53.91,33491.45,4.0,1.017,28.5,1630,371374.93
362,2025-11,Austin,Business,Online Travel Agency,137,105.86,66.48,21485.59,3.95,0.919,13.5,1244,405371.18
363,2025-11,Austin,Business,Corporate,135,107.09,63.15,28835.6,3.99,0.954,20.5,986,404711.93
364,2025-11,Austin,Leisure,Direct,133,101.49,54.08,48727.13,4.03,0.907,5.5,1595,446013.88
365,2025-11,Austin,Leisure,Online Travel Agency,142,97.37,57.78,17144.96,3.95,1.031,34.0,801,272222.97
366,2025-11,Austin,Leisure,Corporate,137,99.74,53.98,31811.16,3.96,0.975,26.3,1075,437579.77
367,2025-11,Austin,Conference,Direct,128,123.38,65.32,45543.21,3.87,0.931,33.4,919,509084.44
368,2025-11,Austin,Conference,Online Travel Agency,137,122.2,59.43,25500.65,4.0,1.004,22.9,958,420986.29
369,2025-11,Austin,Conference,Corporate,133,116.86,75.16,23677.04,4.11,1.055,19.2,896,518545.94
370,2025-11,Chicago,Business,Direct,168,131.97,68.6,35275.98,3.95,1.035,18.3,1093,593031.36
371,2025-11,Chicago,Business,Online Travel Agency,165,128.58,72.97,30429.49,4.23,0.915,20.5,941,605804.03
372,2025-11,Chicago,Business,Corporate,166,140.1,75.78,26452.28,4.09,0.95,28.2,1166,753282.15
373,2025-11,Chicago,Leisure,Direct,168,120.56,62.39,33520.0,4.15,0.889,19.9,1282,572311.86
374,2025-11,Chicago,Leisure,Online Travel Agency,175,116.44,70.38,35606.29,4.08,1.004,20.9,635,561892.96
375,2025-11,Chicago,Leisure,Corporate,163,114.06,71.12,25854.22,4.04,0.965,18.0,1205,454179.87
376,2025-11,Chicago,Conference,Direct,177,145.43,76.67,32684.85,3.86,1.066,36.0,1012,723093.89
377,2025-11,Chicago,Conference,Online Travel Agency,164,151.8,77.63,33232.17,3.95,1.043,20.6,879,692999.32
378,2025-11,Chicago,Conference,Corporate,174,157.43,66.52,29650.49,4.11,0.997,21.1,1130,785671.14
379,2025-11,Miami,Business,Direct,162,162.06,70.08,23931.76,4.1,1.091,23.3,1359,666774.0
380,2025-11,Miami,Business,Online Travel Agency,152,156.97,69.2,33436.14,4.1,1.049,26.0,799,674260.57
381,2025-11,Miami,Business,Corporate,157,166.08,78.34,31003.09,4.07,1.125,21.5,871,791640.35
382,2025-11,Miami,Leisure,Direct,150,149.1,66.7,19334.38,3.89,1.042,13.1,1188,562355.96
383,2025-11,Miami,Leisure,Online Travel Agency,147,137.38,69.71,14577.78,3.97,0.979,15.3,797,529772.32
384,2025-11,Miami,Leisure,Corporate,156,149.48,77.01,13280.65,3.96,0.905,11.6,688,651501.41
385,2025-11,Miami,Conference,Direct,163,175.88,71.62,47431.03,4.32,0.937,20.8,1140,787274.9
386,2025-11,Miami,Conference,Online Travel Agency,148,176.88,75.51,25554.21,4.18,1.023,22.1,636,669986.9
387,2025-11,Miami,Conference,Corporate,157,180.93,78.29,21749.52,3.98,1.026,27.5,1343,756838.78
388,2025-11,Seattle,Business,Direct,158,139.11,67.9,35797.22,3.59,0.966,12.9,1012,535331.8
389,2025-11,Seattle,Business,Online Travel Agency,148,142.84,72.49,38020.87,3.85,0.992,26.9,1100,577739.8
390,2025-11,Seattle,Business,Corporate,148,145.46,70.82,26862.86,3.92,0.93,30.7,1033,584014.16
391,2025-11,Seattle,Leisure,Direct,152,137.86,60.29,32279.82,3.85,0.965,14.3,1019,510888.47
392,2025-11,Seattle,Leisure,Online Travel Agency,143,133.13,67.1,31032.54,4.24,1.029,16.3,1418,553863.24
393,2025-11,Seattle,Leisure,Corporate,158,126.14,63.06,28945.89,3.96,1.008,31.1,1024,488688.44
394,2025-11,Seattle,Conference,Direct,156,164.27,66.42,41607.11,3.85,1.057,25.7,1003,647123.37
395,2025-11,Seattle,Conference,Online Travel Agency,156,158.53,69.65,32822.4,3.96,1.056,26.2,987,643687.07
396,2025-11,Seattle,Conference,Corporate,148,163.01,62.91,29323.15,4.06,0.975,26.5,827,605805.93
397,2025-12,Austin,Business,Direct,140,105.85,64.4,36074.54,4.07,0.982,12.9,1163,454590.72
398,2025-12,Austin,Business,Online Travel Agency,141,117.48,58.78,25714.78,4.04,1.003,20.4,679,405626.42
399,2025-12,Austin,Business,Corporate,141,112.8,57.07,25878.05,3.92,0.982,30.1,1367,474395.55
400,2025-12,Austin,Leisure,Direct,129,102.43,53.22,48995.64,3.99,1.037,30.1,1059,436195.82
401,2025-12,Austin,Leisure,Online Travel Agency,127,100.14,61.18,22828.88,4.1,1.07,5.0,976,246965.96
402,2025-12,Austin,Leisure,Corporate,142,102.7,61.97,31305.68,4.27,0.943,18.7,411,400739.91
403,2025-12,Austin,Conference,Direct,137,124.66,75.1,36843.4,4.15,1.041,19.4,1056,525200.43
404,2025-12,Austin,Conference,Online Travel Agency,138,124.45,62.74,31681.31,4.02,1.018,35.2,1070,431568.22
405,2025-12,Austin,Conference,Corporate,139,117.09,64.93,24862.41,4.06,0.898,23.8,618,487357.18
406,2025-12,Chicago,Business,Direct,170,128.63,69.64,38163.53,4.08,0.994,10.9,1418,609188.98
407,2025-12,Chicago,Business,Online Travel Agency,178,132.57,68.16,32877.9,3.88,0.998,5.0,1057,571857.05
408,2025-12,Chicago,Business,Corporate,177,141.46,71.76,38132.19,4.01,1.008,25.8,857,698696.18
409,2025-12,Chicago,Leisure,Direct,173,119.04,71.17,47076.87,3.88,0.962,21.0,1113,643512.89
410,2025-12,Chicago,Leisure,Online Travel Agency,171,123.66,69.55,26347.39,4.07,1.068,5.5,1100,547328.18
411,2025-12,Chicago,Leisure,Corporate,174,120.51,69.8,40371.4,4.17,1.026,21.4,1012,624338.31
412,2025-12,Chicago,Conference,Direct,177,147.29,72.01,35446.79,3.88,1.038,26.3,1214,712272.99
413,2025-12,Chicago,Conference,Online Travel Agency,168,149.22,73.36,30835.89,4.13,1.038,30.1,604,687283.33
414,2025-12,Chicago,Conference,Corporate,163,148.72,75.23,41029.56,4.19,0.945,25.4,688,716712.91
415,2025-12,Miami,Business,Direct,151,159.71,68.71,28583.58,3.97,1.036,20.5,1695,634089.72
416,2025-12,Miami,Business,Online Travel Agency,149,160.51,77.65,27195.74,4.15,1.003,15.7,753,687916.11
417,2025-12,Miami,Business,Corporate,154,163.08,72.01,46984.89,3.94,0.991,26.2,893,779217.14
418,2025-12,Miami,Leisure,Direct,163,138.95,74.4,28788.92,3.93,1.029,19.1,1272,636572.25
419,2025-12,Miami,Leisure,Online Travel Agency,153,147.15,73.76,27076.05,4.12,1.087,23.1,564,653369.43
420,2025-12,Miami,Leisure,Corporate,149,143.05,79.84,25720.38,4.24,1.049,17.7,514,675621.41
421,2025-12,Miami,Conference,Direct,150,168.02,82.33,47446.33,4.09,1.022,32.7,1673,838612.52
422,2025-12,Miami,Conference,Online Travel Agency,163,173.18,76.68,21908.66,4.21,1.002,23.5,1077,774159.81
423,2025-12,Miami,Conference,Corporate,154,182.57,86.06,32390.89,4.16,1.04,16.3,758,892405.24
424,2025-12,Seattle,Business,Direct,148,149.29,73.04,26604.7,4.08,1.012,16.1,972,692629.47
425,2025-12,Seattle,Business,Online Travel Agency,144,145.4,69.82,29315.12,4.14,0.954,24.7,882,605676.8
426,2025-12,Seattle,Business,Corporate,157,154.28,58.08,35353.0,4.02,1.007,13.4,546,588613.61
427,2025-12,Seattle,Leisure,Direct,143,133.03,61.36,33220.38,4.14,1.002,12.7,902,457188.26
428,2025-12,Seattle,Leisure,Online Travel Agency,142,130.06,64.45,36143.48,3.99,0.962,5.0,876,560572.5
429,2025-12,Seattle,Leisure,Corporate,156,135.26,68.41,28242.52,3.99,1.036,7.0,1077,556467.25
430,2025-12,Seattle,Conference,Direct,145,164.65,67.99,28762.5,3.99,0.971,35.2,944,621582.77
431,2025-12,Seattle,Conference,Online Travel Agency,156,161.77,64.36,26158.01,3.77,1.015,36.8,736,639263.1
432,2025-12,Seattle,Conference,Corporate,158,168.8,64.81,25605.34,4.19,0.995,19.0,691,694036.34
